{
  "model_type": "RandomForest",
  "n_estimators": 200,
  "n_features": 22,
  "classes": [
    -1,
    0,
    1
  ],
  "feature_importance": [
    0.07805914508916292,
    0.002309998591293689,
    0.024341691706938905,
    0.005605923143408396,
    0.020800082668728577,
    0.10076578772129495,
    0.0001976844533594919,
    0.005188470740878163,
    0.0011190634783103885,
    0.017719435493286816,
    0.06942599663198214,
    3.3612156265228146e-09,
    0.00810997253530786,
    0.0010775961873348437,
    0.0208821802359425,
    0.0002207039771296047,
    0.4521078316785191,
    0.0890150882885042,
    0.002003437949970523,
    0.0,
    0.0,
    0.10104990606743151
  ],
  "feature_names": [
    "isIPInURL",
    "isLongURL",
    "isTinyURL",
    "isAlphaNumericURL",
    "isRedirectingURL",
    "isHypenURL",
    "isMultiDomainURL",
    "isFaviconDomainUnidentical",
    "isIllegalHttpsURL",
    "isImgFromDifferentDomain",
    "isAnchorFromDifferentDomain",
    "isScLnkFromDifferentDomain",
    "isFormActionInvalid",
    "isMailToAvailable",
    "isStatusBarTampered",
    "isIframePresent"
  ],
  "weights_for_js": [
    0.07805914508916292,
    0.002309998591293689,
    0.024341691706938905,
    0.005605923143408396,
    0.020800082668728577,
    0.10076578772129495,
    0.0001976844533594919,
    0.005188470740878163,
    0.0011190634783103885,
    0.017719435493286816,
    0.06942599663198214,
    3.3612156265228146e-09,
    0.00810997253530786,
    0.0010775961873348437,
    0.0208821802359425,
    0.0002207039771296047,
    0.4521078316785191,
    0.0890150882885042,
    0.002003437949970523,
    0.0,
    0.0,
    0.10104990606743151
  ]
}